{
  "employees": [
    {
      "first_name": "Aruna",
      "last_name": "Ramanan",
      "email": "aruna@gmail.com",
      "id": "1"
    },
    {
      "id": "2",
      "first_name": "Kannan",
      "last_name": "Krish",
      "email": "kannan@gmail.com"
    },
    {
      "first_name": "Vijay",
      "last_name": "Kumar",
      "email": "vijay@gmail.com",
      "id": "3"
    },
    {
      "first_name": "Ajith",
      "last_name": "Kumar",
      "email": "ajith@gmail.com",
      "id": "4"
    },
    {
      "id": "7dc1",
      "first_name": "Indu",
      "last_name": "Mathi",
      "email": "indu@gmail.com"
    }
  ]
}